{"cameraMode":{"drawMode":0,"name":"Shaded","section":"Shading Mode"},"sceneLighting":false,"audioPlay":false,"sceneViewState":{"showFog":true,"showMaterialUpdate":false,"showSkybox":false,"showFlares":true,"showImageEffects":true,"showParticleSystems":true},"in2DMode":false,"pivot":{"x":-28.93347930908203,"y":0.8609235286712647,"z":-3.0038557052612306},"rotation":{"x":0.39203009009361269,"y":0.017105737701058389,"z":-0.007289752829819918,"w":0.9197626709938049},"size":8.176196098327637,"orthographic":false}