{"cameraMode":{"drawMode":0,"name":"Shaded","section":"Shading Mode"},"sceneLighting":true,"audioPlay":false,"sceneViewState":{"showFog":true,"showMaterialUpdate":false,"showSkybox":true,"showFlares":true,"showImageEffects":true,"showParticleSystems":true},"in2DMode":false,"pivot":{"x":2.430000066757202,"y":38.599998474121097,"z":-54.20000076293945},"rotation":{"x":-0.1907835155725479,"y":-0.13440679013729096,"z":0.026381609961390497,"w":-0.9720308184623718},"size":22.0,"orthographic":false}